ref_id,container,volume,issue,pages,year
M01,Biometrika,28,3-4,437-442,1936
M02,Springer Series in Statistics,,,,2005
M04,Statistical Science,25,1,,2010
M05,Journal of Econometrics,225,2,200-230,2021
M06,Journal of Econometrics,235,2,2218-2244,2023
M07,Journal of the American Statistical Association,105,490,493-505,2010
M08,Journal of Human Resources,50,2,317-372,2015
M09,Review of Economics and Statistics,90,3,414-427,2008
M10,Journal of Political Economy,82,1,34-55,1974
M11,,,,,2019
M12,Journal of Communication,43,4,51-58,1993
M13,,,,,2019
M14,American Journal of Epidemiology,133,2,144-153,1991
M15,BMJ Medicine,1,1,e000214,2022
M16,Review of Economics and Statistics,93,1,113-125,2011
M17,The Review of Economics and Statistics,101,3,452-467,2019
M18,"Configurational Comparative Methods: Qualitative Comparative
                    Analysis (QCA) and Related Techniques",,,87-122,2009
M19,Epidemiology,6,3,248-253,1995
M20,American Political Science Review,99,3,435-452,2005
M21,Annual Review of Sociology,37,1,57-86,2011
M22,Epidemiologic Reviews,17,2,243-264,1995
T01,Journal of the American Statistical Association,64,328,1183-1210,1969
T04,Proceedings of the 2016 Conference of the North American Chapter of the Association for Computational Linguistics: Human Language Technologies,,,540-545,2016
P01,Economic Development Quarterly,5,4,301-312,1991
P02,Real Estate Economics,33,3,487-507,2005
P03,Real Estate Economics,38,2,285-323,2010
P04,Journal of Urban Economics,92,,16-30,2016
P05,Heritage Science,11,1,,2023
P06,Social Problems,31,1,1-27,1983
P07,Environmental Research,47,1,1-33,1988
P08,Injury Prevention,18,2,98-102,2012
P09,Fire Safety Journal,62,,3-12,2013
P10,Journal of Urban Economics,106,,81-100,2018
P11,Environment and Development Economics,17,2,187-205,2012
P14,Urban Studies,63,8,1765-1785,2026
P15,Sustainability,15,11,8521,2023
P16,Social Problems,32,5,488-499,1985
P17,,,,,2007
P19,,,,,2017
P20,,,,,2011
P21,Journal of Political Economy,76,2,169-217,1968
P22,Crime and Justice,42,1,199-263,2013
P23,Transactions of the New York Academy of Sciences,8,2 Series II,61-81,1945
P26,,,,,2017
P28,WIT Transactions on Ecology and The Environment,1,,1127-1138,2014
P29,Journal of Urban Design,19,5,622-637,2014
P35,Sociological Research Online,20,4,33-44,2015
