year,district,median_value,parcels
2010,中區,38000,9828
2010,北區,29909,42084
2010,北屯區,20000,87401
2010,南區,23500,39648
2010,南屯區,30000,47579
2010,后里區,6800,41686
2010,和平區,120,25972
2010,外埔區,2600,17383
2010,大安區,1427,22815
2010,大甲區,3800,65768
2010,大肚區,5400,32783
2010,大里區,18000,79754
2010,大雅區,11100,39357
2010,太平區,14000,79723
2010,新社區,960,29317
2010,東勢區,2100,64167
2010,東區,20043,33280
2010,梧棲區,14200,40630
2010,沙鹿區,8000,15869
2010,清水區,11400,62476
2010,潭子區,17500,40946
2010,烏日區,13600,39098
2010,石岡區,2100,18376
2010,神岡區,11900,33346
2010,西區,34000,37760
2010,西屯區,32000,58755
2010,豐原區,22600,86577
2010,霧峰區,6600,47153
2010,龍井區,5600,50199
2011,中區,39565.5,10252
2011,北區,31500,43072
2011,北屯區,21000,95331
2011,南區,25900,41116
2011,南屯區,30000,53011
2011,后里區,6600,47701
2011,和平區,120,26337
2011,外埔區,2100,29033
2011,大安區,1500,23232
2011,大甲區,3800,67693
2011,大肚區,5400,38305
2011,大里區,19000,83741
2011,大雅區,8300,51865
2011,太平區,15000,89681
2011,新社區,1300,34819
2011,東勢區,2100,66094
2011,東區,21500,34372
2011,梧棲區,14900,41827
2011,沙鹿區,9700,69474
2011,清水區,9800,74656
2011,潭子區,17600,50687
2011,烏日區,12000,49362
2011,石岡區,2300,18791
2011,神岡區,8600,50069
2011,西區,37000,38674
2011,西屯區,33000,64905
2011,豐原區,23300,92806
2011,霧峰區,6000,57303
2011,龍井區,5700,51664
2012,中區,45664,10024
2012,北區,37000,42449
2012,北屯區,24500,94926
2012,南區,30600,40326
2012,南屯區,33000,51258
2012,后里區,7400,43741
2012,和平區,130,26414
2012,外埔區,3100,20913
2012,大安區,1700,23115
2012,大甲區,3900,66889
2012,大雅區,12800,40395
2012,新社區,1100,29800
2012,東勢區,2200,65147
2012,東區,25000,33887
2012,梧棲區,16400,41202
2012,沙鹿區,9200,16601
2012,清水區,10700,74066
2012,潭子區,19500,45470
2012,烏日區,16470,37969
2012,石岡區,2500,18886
2012,神岡區,14400,34407
2012,西區,43000,37987
2012,西屯區,42000,60690
2012,豐原區,24900,91996
2013,中區,46600,10042
2013,北區,37580,42679
2013,北屯區,25500,97233
2013,南區,31600,40486
2013,南屯區,37517.5,52772
2013,后里區,7100,45166
2013,和平區,140,26588
2013,外埔區,3000,22890
2013,大安區,1700,23194
2013,大甲區,3900,67801
2013,大雅區,16200,15756
2013,新社區,1100,30614
2013,東勢區,2300,66247
2013,東區,26500,34030
2013,梧棲區,16700,41670
2013,沙鹿區,10200,21213
2013,清水區,11100,75091
2013,潭子區,19900,46847
2013,石岡區,2600,19199
2013,神岡區,14600,34776
2013,西區,45579,38112
2013,西屯區,44000,61843
2013,豐原區,25300,92897
2014,中區,51143,10175
2014,北區,42500,43243
2014,北屯區,31500,102131
2014,南區,35400,41132
2014,南屯區,45470,53890
2014,后里區,7600,48601
2014,和平區,160,26867
2014,外埔區,2600,30173
2014,大安區,2200,23773
2014,大甲區,4300,68841
2014,大肚區,6500,39090
2014,大里區,24200,84740
2014,大雅區,12000,53136
2014,太平區,20000,91721
2014,新社區,1900,35514
2014,東勢區,2400,67561
2014,東區,29000,34634
2014,梧棲區,18300,42623
2014,沙鹿區,12600,73376
2014,清水區,12000,76369
2014,潭子區,22500,51530
2014,烏日區,18400,50263
2014,石岡區,2900,19420
2014,神岡區,11200,51224
2014,西區,52000,38581
2014,西屯區,55000,64852
2014,豐原區,29900,94561
2014,霧峰區,6800,58887
2014,龍井區,8000,52841
2015,中區,53700,10038
2015,北區,46069,42929
2015,北屯區,36000,100741
2015,南區,38300,40866
2015,南屯區,50977,53876
2015,后里區,9200,43408
2015,和平區,160,27049
2015,外埔區,2900,25738
2015,大安區,2400,23723
2015,大甲區,4700,68503
2015,大肚區,6500,31851
2015,大里區,26000,84349
2015,大雅區,16200,41804
2015,太平區,22000,89024
2015,新社區,2000,31608
2015,東勢區,2400,67189
2015,東區,31000,34324
2015,梧棲區,18700,42351
2015,沙鹿區,13500,36922
2015,清水區,13000,76258
2015,潭子區,26250,49107
2015,烏日區,19800,45782
2015,石岡區,3100,19371
2015,神岡區,18500,37672
2015,西區,55000,38318
2015,西屯區,64000,62737
2015,豐原區,31700,94152
2015,霧峰區,8200,56630
2015,龍井區,8200,52861
2016,中區,57000,10076
2016,北區,49000,43096
2016,北屯區,37500,101852
2016,南區,40100,40983
2016,南屯區,57035.5,54276
2016,后里區,9300,43740
2016,和平區,160,27267
2016,外埔區,2600,27698
2016,大安區,2400,23897
2016,大甲區,4800,68781
2016,大肚區,6800,32031
2016,大里區,28600,84731
2016,大雅區,15800,44486
2016,太平區,23300,90465
2016,新社區,2100,31780
2016,東勢區,2500,67829
2016,東區,33400,34482
2016,梧棲區,19100,42644
2016,沙鹿區,14600,48827
2016,清水區,13500,76840
2016,潭子區,28500,49475
2016,烏日區,20300,48362
2016,石岡區,3300,19499
2016,神岡區,17538,40365
2016,西區,57316,38435
2016,西屯區,71000,63863
2016,豐原區,31700,95033
2016,霧峰區,8400,56938
2016,龍井區,8500,53388
2017,中區,57000,10139
2017,北區,49000,43374
2017,北屯區,38000,104068
2017,南區,40100,41237
2017,南屯區,57140,54829
2017,后里區,8300,49482
2017,和平區,160,27519
2017,外埔區,2703,30912
2017,大安區,2400,24026
2017,大甲區,4800,69304
2017,大肚區,7100,39802
2017,大里區,28600,85624
2017,大雅區,13700,55169
2017,太平區,23000,93428
2017,新社區,2200,35998
2017,東勢區,2500,68701
2017,東區,33400,34748
2017,梧棲區,19100,43478
2017,沙鹿區,14000,74929
2017,清水區,13600,77884
2017,潭子區,27500,52385
2017,烏日區,19700,51881
2017,石岡區,3300,19619
2017,神岡區,13300,53072
2017,西區,57300.5,38658
2017,西屯區,71000,64690
2017,豐原區,31300,96280
2017,霧峰區,7000,59744
2017,龍井區,8500,54352
2018,中區,55400,10131
2018,北區,48000,43419
2018,北屯區,37500,104867
2018,南區,39200,41269
2018,南屯區,55667,55319
2018,后里區,8200,49833
2018,和平區,160,27703
2018,外埔區,2643,31075
2018,大安區,2400,24100
2018,大甲區,4700,69547
2018,大肚區,6900,40137
2018,大里區,28000,86032
2018,大雅區,13400,56236
2018,太平區,22900,94058
2018,新社區,2300,36283
2018,東勢區,2500,69518
2018,東區,32400,34814
2018,梧棲區,18200,44184
2018,沙鹿區,14000,75437
2018,清水區,13600,78820
2018,潭子區,26900,52864
2018,烏日區,19000,52191
2018,石岡區,3100,19722
2018,神岡區,12600,53580
2018,西區,56705,38661
2018,西屯區,70000,64989
2018,豐原區,30800,96865
2018,霧峰區,6728,60021
2018,龍井區,8200,55340
2019,中區,55800,10126
2019,北區,48500,43465
2019,北屯區,37500,106332
2019,南區,39600,41285
2019,南屯區,56367.5,55700
2019,后里區,8500,50308
2019,和平區,170,27937
2019,外埔區,2700,31313
2019,大安區,2400,24165
2019,大甲區,4700,69984
2019,大肚區,7000,40728
2019,大里區,28000,86501
2019,大雅區,13500,57106
2019,太平區,22900,94642
2019,新社區,2200,36487
2019,東勢區,2500,69629
2019,東區,33800,34875
2019,梧棲區,18200,44801
2019,沙鹿區,14100,76297
2019,清水區,13700,79583
2019,潭子區,26900,53422
2019,烏日區,19000,52408
2019,石岡區,3200,20386
2019,神岡區,12400,54040
2019,西區,57000,38625
2019,西屯區,70500,65162
2019,豐原區,30800,97150
2019,霧峰區,6700,60477
2019,龍井區,8200,56284
2020,中區,55100,10126
2020,北區,47636,43465
2020,北屯區,39400,106332
2020,南區,39100,41285
2020,南屯區,55524.5,55700
2020,后里區,8500,50308
2020,和平區,160,27937
2020,外埔區,2600,31313
2020,大安區,2398,24165
2020,大甲區,4700,69984
2020,大肚區,7000,40728
2020,大里區,27600,86501
2020,大雅區,13400,57106
2020,太平區,22600,94642
2020,新社區,2200,36487
2020,東勢區,2500,69631
2020,東區,33300,34875
2020,梧棲區,18300,44801
2020,沙鹿區,14100,76297
2020,清水區,13700,79583
2020,潭子區,26600,53422
2020,烏日區,18800,52408
2020,石岡區,3100,20386
2020,神岡區,12400,54040
2020,西區,56903,38625
2020,西屯區,70000,65162
2020,豐原區,30600,97150
2020,霧峰區,6500,60477
2020,龍井區,8000,56282
2021,中區,55400,10126
2021,北區,48000,43440
2021,北屯區,40300,101545
2021,南區,39900,41742
2021,南屯區,60947,55922
2021,后里區,8700,51089
2021,和平區,160,28079
2021,外埔區,2600,31613
2021,大安區,2300,24311
2021,大甲區,4700,70304
2021,大肚區,7100,41351
2021,大里區,27700,86899
2021,大雅區,13600,57491
2021,太平區,22300,95209
2021,新社區,2200,36637
2021,東勢區,2600,69935
2021,東區,33832.5,34962
2021,梧棲區,18300,45193
2021,沙鹿區,14100,77008
2021,清水區,13700,80129
2021,潭子區,26900,53848
2021,烏日區,18800,52819
2021,石岡區,3100,20502
2021,神岡區,12200,54595
2021,西區,57640,38673
2021,西屯區,70700,65399
2021,豐原區,30682,97460
2021,霧峰區,6500,60632
2021,龍井區,8000,57065
2022,中區,55900,10126
2022,北區,48275,43501
2022,北屯區,41900,100780
2022,南區,40300,40985
2022,南屯區,63500,53439
2022,后里區,8100,50987
2022,和平區,170,28281
2022,外埔區,2643,31962
2022,大安區,2400,22859
2022,大甲區,4700,70504
2022,大肚區,7900,39180
2022,大里區,27900,87136
2022,大雅區,13601,57895
2022,太平區,22600,95107
2022,新社區,2200,36775
2022,東勢區,2600,70188
2022,東區,34100,35014
2022,梧棲區,18300,43835
2022,沙鹿區,14200,77702
2022,清水區,12500,73661
2022,潭子區,28100,50802
2022,烏日區,19000,53498
2022,石岡區,3100,20547
2022,神岡區,12500,54356
2022,西區,58200,38617
2022,西屯區,71500,65659
2022,豐原區,30800,97893
2022,霧峰區,6500,60033
2022,龍井區,7900,57693
2023,中區,56714,10121
2023,北區,49341,43538
2023,北屯區,43800,100969
2023,南區,41000,40475
2023,南屯區,64700,51300
2023,后里區,7900,52073
2023,和平區,170,28450
2023,外埔區,2700,32261
2023,大安區,2400,24832
2023,大甲區,4600,70711
2023,大肚區,7200,41991
2023,大里區,28000,87326
2023,大雅區,13700,58239
2023,太平區,22600,96013
2023,新社區,2200,36988
2023,東勢區,2600,70393
2023,東區,34648.5,34990
2023,梧棲區,18300,45555
2023,沙鹿區,14400,78218
2023,清水區,13600,81066
2023,潭子區,27400,54369
2023,烏日區,19000,53694
2023,石岡區,3100,20579
2023,神岡區,12100,55635
2023,西區,59800,38524
2023,西屯區,72400,65870
2023,豐原區,31100,98062
2023,霧峰區,6600,61397
2023,龍井區,7900,58508
2024,中區,57600,10139
2024,北區,51400,43630
2024,北屯區,46600,101473
2024,南區,42100,40646
2024,南屯區,70300,50334
2024,后里區,7900,52352
2024,和平區,170,28531
2024,外埔區,2700,32476
2024,大安區,2400,25060
2024,大甲區,4600,71011
2024,大肚區,7200,42185
2024,大里區,28600,87639
2024,大雅區,13900,58542
2024,太平區,23000,96375
2024,新社區,2200,37240
2024,東勢區,2600,70625
2024,東區,35600,35067
2024,梧棲區,18300,45839
2024,沙鹿區,14700,78827
2024,清水區,13900,81350
2024,潭子區,27700,54671
2024,烏日區,19700,53913
2024,石岡區,3100,21147
2024,神岡區,12200,55972
2024,西區,62300,38544
2024,西屯區,74900,66135
2024,豐原區,31400,98391
2024,霧峰區,6700,61801
2024,龍井區,8500,58808
2025,中區,59500,10128
2025,北區,52700,43740
2025,北屯區,50300,102230
2025,南區,43700,40666
2025,南屯區,75500,50800
2025,后里區,8100,52789
2025,和平區,180,28672
2025,外埔區,2800,32714
2025,大安區,2400,25238
2025,大甲區,4800,71358
2025,大肚區,7700,42501
2025,大里區,29300,87911
2025,大雅區,14200,58948
2025,太平區,23900,96663
2025,新社區,2200,37374
2025,東勢區,2800,71532
2025,東區,36885.5,35116
2025,梧棲區,18600,46091
2025,沙鹿區,15200,79194
2025,清水區,14100,81933
2025,潭子區,28300,54939
2025,烏日區,20500,54150
2025,石岡區,3200,21345
2025,神岡區,12300,56295
2025,西區,65400,38589
2025,西屯區,75651,66308
2025,豐原區,31900,98754
2025,霧峰區,7200,62103
2025,龍井區,9000,59055
2026,中區,59800,10106
2026,北區,53320.5,43750
2026,北屯區,51000,102486
2026,南區,44300,40663
2026,南屯區,75600,50811
2026,后里區,8100,52995
2026,和平區,180,28819
2026,外埔區,2800,32820
2026,大安區,2500,25303
2026,大甲區,5000,71579
2026,大肚區,7700,42637
2026,大里區,29400,87978
2026,大雅區,14300,59179
2026,太平區,24100,96870
2026,新社區,2200,37501
2026,東勢區,2800,71746
2026,東區,37300,35174
2026,梧棲區,18800,46245
2026,沙鹿區,15400,79507
2026,清水區,14200,82272
2026,潭子區,28500,55117
2026,烏日區,20800,54290
2026,石岡區,3200,21477
2026,神岡區,12300,56492
2026,西區,66500,38543
2026,西屯區,75800,66460
2026,豐原區,32100,99089
2026,霧峰區,7200,62397
2026,龍井區,9100,59437
