case_id,name_public,fire_year,heritage_category,status_timing,damage,cause_category,cause_unknown,cause_status,verification,ownership,structure,damage_level,damage_extent,heritage_status,physical_status
TC-2001-01,,2001,de_facto,none,不明,原因不明,1,unknown,C,不明,待查,不明,待查,非法定,待查
TC-2002-01,,2002,legal,before,不明,原因不明,1,unknown,C,不明,待查,不明,待查,維持,待查
TC-2006-01,,2006,legal,before_then_revoked,全毀；損失估計自900萬（消防局初估）至逾1億元（林管處）,縱火,0,preliminary,B,不明,待查,全毀,待查,廢止,待查
TC-2006-02,,2006,legal,before,木構建築部分焚毀；旁側1895年所植老榕樹同遭焚毀、根部存活並於2010年復育,原因不明,1,unknown,B,不明,木造,局部,待查,維持,再利用
TC-2007-01,,2007,legal,after,五百坪的房舍幾乎燒毀（中華日報）；4日深夜起火，5日清晨死灰復燃,原因不明,1,unknown,B,私有,混合或不明,全毀或半毀,待查,維持,待查
TC-2010-01,,2010,unknown,unknown,不明,原因不明,1,unknown,C,不明,待查,不明,待查,待查,待查
TC-2013-01,豐原林務局日式宿舍,2013,legal,after,原7棟燒毀1棟；整棟檜木建築燒至只剩骨架,原因不明,1,unknown,B,公有,木造,半毀,群組中部分,維持,待查
TC-2016-01,,2016,de_facto,none,梧棲路157～171號共8間延燒（三立報導為9間）；含新天地餐廳舊址,原因不明,1,unknown,A,不明,磚造,不明,延燒多棟,非法定,待查
TC-2016-02,,2016,legal,before,一棟木造房舍燒毀、主結構未被破壞（文化局說法）,原因不明,1,unknown,A,不明,木造,半毀,群組中部分,維持,待查
TC-2016-03,,2016,de_facto,none,燒毀3間,原因不明,1,unknown,B,不明,待查,不明,延燒多棟,非法定,待查
TC-2018-01,,2018,de_facto,none,燒毀數棟,原因不明,1,unknown,B,不明,待查,不明,延燒多棟,非法定,待查
TC-2018-02,,2018,de_facto,none,不明,原因不明,1,unknown,B,不明,待查,不明,待查,非法定,待查
TC-2020-01,,2020,legal,before,木構燒毀、僅剩骨架,原因不明,1,unknown,B,不明,木造,半毀,群組中部分,維持,修復完成
TC-2020-02,,2020,de_facto,none,延燒共9戶全燒或部分燒毀,電氣因素,0,confirmed,A,不明,木造,全毀或局部,延燒多棟,非法定,待查
TC-2023-01,,2023,legal,before,空屋一棟燒毀,菸蒂,0,confirmed,A,不明,待查,不明,群組中部分,維持,待查
TC-2026-01,,2026,marginal,before,紀念園內保存之楊家古文物燒毀（文物來自2010年拆除之北棟）,其他,0,preliminary,B,私有,待查,輕微或只燒收容物,待查,維持,待查
TC-2026-02,,2026,de_facto,none,3～5樓全燒毀、面積約1050平方公尺、燒3小時32分,爐火烹調,0,preliminary,A,不明,待查,半毀或局部,單棟,非法定,待查
